information|thông tin|noun|We need more information before making a decision.|Chúng ta cần thêm thông tin trước khi đưa ra quyết định.|reliable information
like|thích|verb|Many students like learning through games.|Nhiều học sinh thích học qua trò chơi.|like doing something
find|tìm thấy|verb|Researchers hope to find a solution to the problem.|Các nhà nghiên cứu hy vọng tìm ra giải pháp cho vấn đề.|find a solution
date|ngày; ngày tháng|noun|Please write the date at the top of the page.|Hãy viết ngày tháng ở đầu trang.|a specific date
name|tên|noun|Write your full name on the form.|Hãy viết họ và tên đầy đủ của bạn vào mẫu đơn.|full name
health|sức khỏe|noun|Regular exercise is good for your health.|Tập thể dục thường xuyên tốt cho sức khỏe của bạn.|public health
data|dữ liệu; số liệu|noun|The data show a clear rise in sales.|Dữ liệu cho thấy doanh số tăng rõ rệt.|analyze data
make|làm; tạo ra|verb|Small changes can make a big difference.|Những thay đổi nhỏ có thể tạo ra sự khác biệt lớn.|make a difference
please|làm ơn; xin vui lòng|adverb|Please read the instructions before you start.|Vui lòng đọc hướng dẫn trước khi bắt đầu.|please note
video|video; đoạn phim|noun|She watched a short video about climate change.|Cô ấy xem một video ngắn về biến đổi khí hậu.|watch a video
rights|các quyền; quyền lợi|noun|The law protects the rights of children.|Luật pháp bảo vệ quyền của trẻ em.|human rights
company|công ty|noun|The company employs more than a thousand people.|Công ty tuyển dụng hơn một nghìn người.|a technology company
need|cần|verb|We need more time to finish the project.|Chúng ta cần thêm thời gian để hoàn thành dự án.|need to do something
united|đoàn kết; thống nhất|adjective|The united team solved the problem together.|Đội ngũ đoàn kết đã cùng nhau giải quyết vấn đề.|a united team
store|cửa hàng|noun|The store opens at nine in the morning.|Cửa hàng mở cửa lúc chín giờ sáng.|a local store
development|sự phát triển|noun|Education plays a key role in economic development.|Giáo dục đóng vai trò quan trọng trong phát triển kinh tế.|economic development
office|văn phòng|noun|The office is on the fifth floor of the building.|Văn phòng nằm ở tầng năm của tòa nhà.|work in an office
national|thuộc quốc gia; toàn quốc|adjective|The government launched a national health campaign.|Chính phủ phát động một chiến dịch y tế toàn quốc.|national policy
take|lấy; mang; dành|verb|It may take several years to complete the research.|Có thể mất vài năm để hoàn thành nghiên cứu.|take time
internet|mạng Internet|noun|Many people use the internet to study online.|Nhiều người dùng Internet để học trực tuyến.|access the internet
want|muốn|verb|I want to improve my English this year.|Tôi muốn cải thiện tiếng Anh trong năm nay.|want to do something
technology|công nghệ|noun|Technology changes the way we study.|Công nghệ thay đổi cách chúng ta học.|modern technology
security|sự an toàn; an ninh|noun|The new system improves online security.|Hệ thống mới cải thiện an toàn trực tuyến.|online security
network|mạng lưới; mạng|noun|The school has a network of partner universities.|Trường có một mạng lưới các trường đại học đối tác.|a network of
access|quyền hoặc khả năng tiếp cận|noun|Many students need access to reliable internet.|Nhiều học sinh cần được tiếp cận Internet ổn định.|access to education
media|các phương tiện truyền thông|noun|Social media can spread news very quickly.|Mạng xã hội có thể lan truyền tin tức rất nhanh.|social media
art|nghệ thuật|noun|The museum displays modern art.|Bảo tàng trưng bày nghệ thuật hiện đại.|modern art
shop|cửa hàng|noun|She bought a notebook at the local shop.|Cô ấy mua một cuốn sổ ở cửa hàng gần nhà.|a local shop
text|văn bản; đoạn chữ|noun|Read the text carefully before answering the questions.|Hãy đọc kỹ văn bản trước khi trả lời các câu hỏi.|read a text
small|nhỏ|adjective|A small change can have a large impact.|Một thay đổi nhỏ có thể tạo ra tác động lớn.|a small change
government|chính phủ|noun|The government announced a new education policy.|Chính phủ công bố một chính sách giáo dục mới.|the government announced
children|trẻ em; những đứa trẻ|noun|The children played in the park.|Những đứa trẻ chơi trong công viên.|children's education
shopping|việc mua sắm|noun|Online shopping has become more popular.|Việc mua sắm trực tuyến đã trở nên phổ biến hơn.|online shopping
inventory|hàng tồn kho; bảng kiểm kê|noun|The manager checked the inventory before ordering new supplies.|Người quản lý kiểm tra hàng tồn kho trước khi đặt thêm vật tư.|check the inventory
decision|quyết định|noun|The teacher made a quick decision.|Giáo viên đã đưa ra một quyết định nhanh chóng.|make a decision
